<?xml version="1.0" encoding="UTF-8"?>
<project-private xmlns="http://www.netbeans.org/ns/project-private/1">
    <editor-bookmarks xmlns="http://www.netbeans.org/ns/editor-bookmarks/2" lastBookmarkId="0"/>
    <open-files xmlns="http://www.netbeans.org/ns/projectui-open-files/2">
        <group>
            <file>file:/C:/Users/User/Desktop/3.%20semestar/SE201/Projekat/SE201-DZ03/SE201-DZ03/src/sedz03/Doktor.java</file>
            <file>file:/C:/Users/User/Desktop/3.%20semestar/SE201/Projekat/SE201-DZ03/SE201-DZ03/src/sedz03/ZakazanaPoseta.java</file>
            <file>file:/C:/Users/User/Desktop/3.%20semestar/SE201/Projekat/SE201-DZ03/SE201-DZ03/src/sedz03/Osoba.java</file>
            <file>file:/C:/Users/User/Desktop/3.%20semestar/SE201/Projekat/SE201-DZ03/SE201-DZ03/src/sedz03/IZakazivanjePosete.java</file>
            <file>file:/C:/Users/User/Desktop/3.%20semestar/SE201/Projekat/SE201-DZ03/SE201-DZ03/src/sedz03/Pacijent.java</file>
            <file>file:/C:/Users/User/Desktop/3.%20semestar/SE201/Projekat/SE201-DZ03/SE201-DZ03/src/sedz03/Posetilac.java</file>
            <file>file:/C:/Users/User/Desktop/3.%20semestar/SE201/Projekat/SE201-DZ03/SE201-DZ03/src/sedz03/IAdministracijaPacijenta.java</file>
            <file>file:/C:/Users/User/Desktop/3.%20semestar/SE201/Projekat/SE201-DZ03/SE201-DZ03/src/sedz03/AlertType.java</file>
            <file>file:/C:/Users/User/Desktop/3.%20semestar/SE201/Projekat/SE201-DZ03/SE201-DZ03/src/sedz03/IBrisanjePosete.java</file>
        </group>
    </open-files>
</project-private>
